,,,,,,
,1.,,,,,
,,,,,,
,	,,,,,
,,,,,,
,Tom Brady,,,,,
,QB - NE,,,,,
,,,,,,
,$12,,,,,
,,,,,,
,2.,,,,,
,,,,,,
,	,,,,,
,,,,,,
,Le'Veon Bell,,,,,
,RB - PIT,,,,,
,,,,,,
,$50,,,,,
,,,,,,
,3.,,,,,
,,,,,,
,	,,,,,
,,,,,,
,Devonta Freeman,,,,,
,RB - ATL,,,,,
,,,,,,
,$38,,,,,
,,,,,,
,4.,,,,,
,,,,,,
,	,,,,,
,,,,,,
,Julio Jones,,,,,
,WR - ATL,,,,,
,,,,,,
,$47,,,,,
,,,,,,
,5.,,,,,
,,,,,,
,	,,,,,
,,,,,,
,Derek Carr,,,,,
,QB - OAK,,,,,
,,,,,,
,$5,,,,,
,,,,,,
,6.,,,,,
,,,,,,
,	,,,,,
,,,,,,
,Eric Decker,,,,,
,WR - NYJ,,,,,
,,,,,,
,$15,,,,,
,,,,,,
,7.,,,,,
,,,,,,
,	,,,,,
,,,,,,
,Doug Baldwin,,,,,
,WR - SEA,,,,,
,,,,,,
,$14,,,,,
,,,,,,
,8.,,,,,
,,,,,,
,	,,,,,
,,,,,,
,Tyler Eifert,,,,,
,TE - CIN,,,,,
,,,,,,
,$5,,,,,
,,,,,,
,9.,,,,,
,,,,,,
,	,,,,,
,,,,,,
,Ameer Abdullah,,,,,
,RB - DET,,,,,
,,,,,,
,$4,,,,,
,,,,,,
,10.,,,,,
,,,,,,
,	,,,,,
,,,,,,
,Jordan Matthews,,,,,
,WR - PHI,,,,,
,,,,,,
,$4,,,,,
,,,,,,
,11.,,,,,
,,,,,,
,	,,,,,
,,,,,,
,Darren Sproles,,,,,
,RB - PHI,,,,,
,,,,,,
,$2,,,,,
,,,,,,
,12.,,,,,
,,,,,,
,	,,,,,
,,,,,,
,Kenny Stills,,,,,
,WR - MIA,,,,,
,,,,,,
,$1,,,,,
,,,,,,
,13.,,,,,
,,,,,,
,	,,,,,
,,,,,,
,Anquan Boldin,,,,,
,WR - DET,,,,,
,,,,,,
,$1,,,,,
,,,,,,
,14.,,,,,
,,,,,,
,	,,,,,
,,,,,,
,Charles Sims,,,,,
,RB - TB,,,,,
,,,,,,
,$1,,,,,
,,,,,,
,15.,,,,,
,,,,,,
,	,,,,,
,,,,,,
,Eric Ebron,,,,,
,TE - DET,,,,,
,,,,,,
,$1,,,,,
,,,,,,
,16.,,,,,
,,,,,,
,	,,,,,
,,,,,,
,Chris Hogan,,,,,
,WR - NE,,,,,
,,,,,,
,,,,,,
,1.,,,,,
,,,,,,
,	,,,,,
,,,,,,
,Allen Robinson,,,,,
,WR - JAX,,,,,
,,,,,,
,$38,,,,,
,,,,,,
,2.,,,,,
,,,,,,
,	,,,,,
,,,,,,
,Latavius Murray,,,,,
,RB - OAK,,,,,
,,,,,,
,$29,,,,,
,,,,,,
,3.,,,,,
,,,,,,
,	,,,,,
,,,,,,
,Demaryius Thomas,,,,,
,WR - DEN,,,,,
,,,,,,
,$24,,,,,
,,,,,,
,4.,,,,,
,,,,,,
,	,,,,,
,,,,,,
,Emmanuel Sanders,,,,,
,WR - DEN,,,,,
,,,,,,
,$9,,,,,
,,,,,,
,5.,,,,,
,,,,,,
,	,,,,,
,,,,,,
,Amari Cooper,,,,,
,WR - OAK,,,,,
,,,,,,
,$35,,,,,
,,,,,,
,6.,,,,,
,,,,,,
,	,,,,,
,,,,,,
,Andrew Luck,,,,,
,QB - IND,,,,,
,,,,,,
,$15,,,,,
,,,,,,
,7.,,,,,
,,,,,,
,	,,,,,
,,,,,,
,Derrick Henry,,,,,
,RB - TEN,,,,,
,,,,,,
,$12,,,,,
,,,,,,
,8.,,,,,
,,,,,,
,	,,,,,
,,,,,,
,Melvin Gordon,,,,,
,RB - LAC,,,,,
,,,,,,
,$10,,,,,
,,,,,,
,9.,,,,,
,,,,,,
,	,,,,,
,,,,,,
,Tyler Lockett,,,,,
,WR - SEA,,,,,
,,,,,,
,$4,,,,,
,,,,,,
,10.,,,,,
,,,,,,
,	,,,,,
,,,,,,
,Jay Ajayi,,,,,
,RB - MIA,,,,,
,,,,,,
,$5,,,,,
,,,,,,
,11.,,,,,
,,,,,,
,	,,,,,
,,,,,,
,Theo Riddick,,,,,
,RB - DET,,,,,
,,,,,,
,$2,,,,,
,,,,,,
,12.,,,,,
,,,,,,
,	,,,,,
,,,,,,
,Josh Gordon,,,,,
,WR - CLE,,,,,
,,,,,,
,$4,,,,,
,,,,,,
,13.,,,,,
,,,,,,
,	,,,,,
,,,,,,
,Michael Thomas,,,,,
,WR - NO,,,,,
,,,,,,
,$3,,,,,
,,,,,,
,14.,,,,,
,,,,,,
,	,,,,,
,,,,,,
,Sterling Shepard,,,,,
,WR - NYG,,,,,
,,,,,,
,$5,,,,,
,,,,,,
,15.,,,,,
,,,,,,
,	,,,,,
,,,,,,
,Tevin Coleman,,,,,
,RB - ATL,,,,,
,,,,,,
,$2,,,,,
,,,,,,
,16.,,,,,
,,,,,,
,	,,,,,
,,,,,,
,Dion Lewis,,,,,
,RB - NE,,,,,
,,,,,,
,$3,,,,,
,,,,,,
,1.,,,,,
,,,,,,
,	,,,,,
,,,,,,
,Mike Evans,,,,,
,WR - TB,,,,,
,,,,,,
,$37,,,,,
,,,,,,
,2.,,,,,
,,,,,,
,	,,,,,
,,,,,,
,Jordan Reed,,,,,
,TE - WAS,,,,,
,,,,,,
,$27,,,,,
,,,,,,
,3.,,,,,
,,,,,,
,	,,,,,
,,,,,,
,C.J. Anderson,,,,,
,RB - DEN,,,,,
,,,,,,
,$24,,,,,
,,,,,,
,4.,,,,,
,,,,,,
,	,,,,,
,,,,,,
,Donte Moncrief,,,,,
,WR - IND,,,,,
,,,,,,
,$17,,,,,
,,,,,,
,5.,,,,,
,,,,,,
,	,,,,,
,,,,,,
,Giovani Bernard,,,,,
,RB - CIN,,,,,
,,,,,,
,$7,,,,,
,,,,,,
,6.,,,,,
,,,,,,
,	,,,,,
,,,,,,
,Keenan Allen,,,,,
,WR - LAC,,,,,
,,,,,,
,$30,,,,,
,,,,,,
,7.,,,,,
,,,,,,
,	,,,,,
,,,,,,
,Carson Palmer,,,,,
,QB - ARI,,,,,
,,,,,,
,$9,,,,,
,,,,,,
,8.,,,,,
,,,,,,
,	,,,,,
,,,,,,
,Jeremy Hill,,,,,
,RB - CIN,,,,,
,,,,,,
,$16,,,,,
,,,,,,
,9.,,,,,
,,,,,,
,	,,,,,
,,,,,,
,Duke Johnson,,,,,
,RB - CLE,,,,,
,,,,,,
,$6,,,,,
,,,,,,
,10.,,,,,
,,,,,,
,	,,,,,
,,,,,,
,Frank Gore,,,,,
,RB - IND,,,,,
,,,,,,
,$10,,,,,
,,,,,,
,11.,,,,,
,,,,,,
,	,,,,,
,,,,,,
,Jeremy Langford,,,,,
,RB - CHI,,,,,
,,,,,,
,$8,,,,,
,,,,,,
,12.,,,,,
,,,,,,
,	,,,,,
,,,,,,
,Christine Michael,,,,,
,RB - GB,,,,,
,,,,,,
,$3,,,,,
,,,,,,
,13.,,,,,
,,,,,,
,	,,,,,
,,,,,,
,Devin Funchess,,,,,
,WR - CAR,,,,,
,,,,,,
,$3,,,,,
,,,,,,
,14.,,,,,
,,,,,,
,	,,,,,
,,,,,,
,Tajae Sharpe,,,,,
,WR - TEN,,,,,
,,,,,,
,$1,,,,,
,,,,,,
,15.,,,,,
,,,,,,
,	,,,,,
,,,,,,
,Jameis Winston,,,,,
,QB - TB,,,,,
,,,,,,
,$1,,,,,
,,,,,,
,16.,,,,,
,,,,,,
,	,,,,,
,,,,,,
,Julius Thomas,,,,,
,TE - JAX,,,,,
,,,,,,
,$1,,,,,
,,,,,,
,1.,,,,,
,,,,,,
,	,,,,,
,,,,,,
,Dez Bryant,,,,,
,WR - DAL,,,,,
,,,,,,
,$38,,,,,
,,,,,,
,2.,,,,,
,,,,,,
,	,,,,,
,,,,,,
,David Johnson,,,,,
,RB - ARI,,,,,
,,,,,,
,$50,,,,,
,,,,,,
,3.,,,,,
,,,,,,
,	,,,,,
,,,,,,
,T.Y. Hilton,,,,,
,WR - IND,,,,,
,,,,,,
,$21,,,,,
,,,,,,
,4.,,,,,
,,,,,,
,	,,,,,
,,,,,,
,Todd Gurley,,,,,
,RB - LA,,,,,
,,,,,,
,$52,,,,,
,,,,,,
,5.,,,,,
,,,,,,
,	,,,,,
,,,,,,
,Jarvis Landry,,,,,
,WR - MIA,,,,,
,,,,,,
,$18,,,,,
,,,,,,
,6.,,,,,
,,,,,,
,	,,,,,
,,,,,,
,Travis Kelce,,,,,
,TE - KC,,,,,
,,,,,,
,$7,,,,,
,,,,,,
,7.,,,,,
,,,,,,
,	,,,,,
,,,,,,
,Philip Rivers,,,,,
,QB - LAC,,,,,
,,,,,,
,$3,,,,,
,,,,,,
,8.,,,,,
,,,,,,
,	,,,,,
,,,,,,
,Stefon Diggs,,,,,
,WR - MIN,,,,,
,,,,,,
,$3,,,,,
,,,,,,
,9.,,,,,
,,,,,,
,	,,,,,
,,,,,,
,Tavon Austin,,,,,
,WR - LA,,,,,
,,,,,,
,$3,,,,,
,,,,,,
,10.,,,,,
,,,,,,
,	,,,,,
,,,,,,
,Corey Coleman,,,,,
,WR - CLE,,,,,
,,,,,,
,$2,,,,,
,,,,,,
,11.,,,,,
,,,,,,
,	,,,,,
,,,,,,
,Gary Barnidge,,,,,
,TE - CLE,,,,,
,,,,,,
,$1,,,,,
,,,,,,
,12.,,,,,
,,,,,,
,	,,,,,
,,,,,,
,Will Fuller,,,,,
,WR - HOU,,,,,
,,,,,,
,$1,,,,,
,,,,,,
,13.,,,,,
,,,,,,
,	,,,,,
,,,,,,
,C.J. Prosise,,,,,
,RB - SEA,,,,,
,,,,,,
,$1,,,,,
,,,,,,
,14.,,,,,
,,,,,,
,	,,,,,
,,,,,,
,James White,,,,,
,RB - NE,,,,,
,,,,,,
,,,,,,
,15.,,,,,
,,,,,,
,	,,,,,
,,,,,,
,Laquon Treadwell,,,,,
,WR - MIN,,,,,
,,,,,,
,,,,,,
,16.,,,,,
,,,,,,
,	,,,,,
,,,,,,
,Dak Prescott,,,,,
,QB - DAL,,,,,
,,,,,,
,,,,,,
,1.,,,,,
,,,,,,
,	,,,,,
,,,,,,
,Alshon Jeffery,,,,,
,WR - CHI,,,,,
,,,,,,
,$34,,,,,
,,,,,,
,2.,,,,,
,,,,,,
,	,,,,,
,,,,,,
,Lamar Miller,,,,,
,RB - HOU,,,,,
,,,,,,
,$41,,,,,
,,,,,,
,3.,,,,,
,,,,,,
,	,,,,,
,,,,,,
,Coby Fleener,,,,,
,TE - NO,,,,,
,,,,,,
,$8,,,,,
,,,,,,
,4.,,,,,
,,,,,,
,	,,,,,
,,,,,,
,Mark Ingram,,,,,
,RB - NO,,,,,
,,,,,,
,$34,,,,,
,,,,,,
,5.,,,,,
,,,,,,
,	,,,,,
,,,,,,
,Matt Forte,,,,,
,RB - NYJ,,,,,
,,,,,,
,$16,,,,,
,,,,,,
,6.,,,,,
,,,,,,
,	,,,,,
,,,,,,
,Russell Wilson,,,,,
,QB - SEA,,,,,
,,,,,,
,$18,,,,,
,,,,,,
,7.,,,,,
,,,,,,
,	,,,,,
,,,,,,
,Randall Cobb,,,,,
,WR - GB,,,,,
,,,,,,
,$23,,,,,
,,,,,,
,8.,,,,,
,,,,,,
,	,,,,,
,,,,,,
,DeSean Jackson,,,,,
,WR - WAS,,,,,
,,,,,,
,$9,,,,,
,,,,,,
,9.,,,,,
,,,,,,
,	,,,,,
,,,,,,
,Michael Floyd,,,,,
,WR - NE,,,,,
,,,,,,
,$9,,,,,
,,,,,,
,10.,,,,,
,,,,,,
,	,,,,,
,,,,,,
,Justin Forsett,,,,,
,RB - DEN,,,,,
,,,,,,
,$2,,,,,
,,,,,,
,11.,,,,,
,,,,,,
,	,,,,,
,,,,,,
,Eli Manning,,,,,
,QB - NYG,,,,,
,,,,,,
,$2,,,,,
,,,,,,
,12.,,,,,
,,,,,,
,	,,,,,
,,,,,,
,Willie Snead,,,,,
,WR - NO,,,,,
,,,,,,
,$2,,,,,
,,,,,,
,13.,,,,,
,,,,,,
,	,,,,,
,,,,,,
,Isaiah Crowell,,,,,
,RB - CLE,,,,,
,,,,,,
,$1,,,,,
,,,,,,
,14.,,,,,
,,,,,,
,	,,,,,
,,,,,,
,Mike Wallace,,,,,
,WR - BAL,,,,,
,,,,,,
,$1,,,,,
,,,,,,
,15.,,,,,
,,,,,,
,	,,,,,
,,,,,,
,Martellus Bennett,,,,,
,TE - NE,,,,,
,,,,,,
,,,,,,
,16.,,,,,
,,,,,,
,	,,,,,
,,,,,,
,Rishard Matthews,,,,,
,WR - TEN,,,,,
,,,,,,
,,,,,,
,1.,,,,,
,,,,,,
,	,,,,,
,,,,,,
,A.J. Green,,,,,
,WR - CIN,,,,,
,,,,,,
,$49,,,,,
,,,,,,
,2.,,,,,
,,,,,,
,	,,,,,
,,,,,,
,Thomas Rawls,,,,,
,RB - SEA,,,,,
,,,,,,
,$24,,,,,
,,,,,,
,3.,,,,,
,,,,,,
,	,,,,,
,,,,,,
,Drew Brees,,,,,
,QB - NO,,,,,
,,,,,,
,$21,,,,,
,,,,,,
,4.,,,,,
,,,,,,
,	,,,,,
,,,,,,
,LeSean McCoy,,,,,
,RB - BUF,,,,,
,,,,,,
,$30,,,,,
,,,,,,
,5.,,,,,
,,,,,,
,	,,,,,
,,,,,,
,Jeremy Maclin,,,,,
,WR - KC,,,,,
,,,,,,
,$16,,,,,
,,,,,,
,6.,,,,,
,,,,,,
,	,,,,,
,,,,,,
,Kelvin Benjamin,,,,,
,WR - CAR,,,,,
,,,,,,
,$18,,,,,
,,,,,,
,7.,,,,,
,,,,,,
,	,,,,,
,,,,,,
,Golden Tate,,,,,
,WR - DET,,,,,
,,,,,,
,$16,,,,,
,,,,,,
,8.,,,,,
,,,,,,
,	,,,,,
,,,,,,
,Greg Olsen,,,,,
,TE - CAR,,,,,
,,,,,,
,$19,,,,,
,,,,,,
,9.,,,,,
,,,,,,
,	,,,,,
,,,,,,
,Jason Witten,,,,,
,TE - DAL,,,,,
,,,,,,
,$1,,,,,
,,,,,,
,10.,,,,,
,,,,,,
,	,,,,,
,,,,,,
,Chris Ivory,,,,,
,RB - JAX,,,,,
,,,,,,
,$3,,,,,
,,,,,,
,11.,,,,,
,,,,,,
,	,,,,,
,,,,,,
,Phillip Dorsett,,,,,
,WR - IND,,,,,
,,,,,,
,$2,,,,,
,,,,,,
,12.,,,,,
,,,,,,
,	,,,,,
,,,,,,
,Kamar Aiken,,,,,
,WR - BAL,,,,,
,,,,,,
,$1,,,,,
,,,,,,
,13.,,,,,
,,,,,,
,	,,,,,
,,,,,,
,Kirk Cousins,,,,,
,QB - WAS,,,,,
,,,,,,
,,,,,,
,14.,,,,,
,,,,,,
,	,,,,,
,,,,,,
,Dwayne Allen,,,,,
,TE - IND,,,,,
,,,,,,
,,,,,,
,15.,,,,,
,,,,,,
,	,,,,,
,,,,,,
,Quinton Patton,,,,,
,WR - SF,,,,,
,,,,,,
,,,,,,
,16.,,,,,
,,,,,,
,	,,,,,
,,,,,,
,DeAndre Washington,,,,,
,RB - OAK,,,,,
,,,,,,
,,,,,,
,1.,,,,,
,,,,,,
,	,,,,,
,,,,,,
,Cam Newton,,,,,
,QB - CAR,,,,,
,,,,,,
,$33,,,,,
,,,,,,
,2.,,,,,
,,,,,,
,	,,,,,
,,,,,,
,Jordy Nelson,,,,,
,WR - GB,,,,,
,,,,,,
,$36,,,,,
,,,,,,
,3.,,,,,
,,,,,,
,	,,,,,
,,,,,,
,Doug Martin,,,,,
,RB - TB,,,,,
,,,,,,
,$30,,,,,
,,,,,,
,4.,,,,,
,,,,,,
,	,,,,,
,,,,,,
,Jamaal Charles,,,,,
,RB - KC,,,,,
,,,,,,
,$26,,,,,
,,,,,,
,5.,,,,,
,,,,,,
,	,,,,,
,,,,,,
,Julian Edelman,,,,,
,WR - NE,,,,,
,,,,,,
,$18,,,,,
,,,,,,
,6.,,,,,
,,,,,,
,	,,,,,
,,,,,,
,Rob Gronkowski,,,,,
,TE - NE,,,,,
,,,,,,
,$42,,,,,
,,,,,,
,7.,,,,,
,,,,,,
,	,,,,,
,,,,,,
,Larry Fitzgerald,,,,,
,WR - ARI,,,,,
,,,,,,
,$5,,,,,
,,,,,,
,8.,,,,,
,,,,,,
,	,,,,,
,,,,,,
,Bilal Powell,,,,,
,RB - NYJ,,,,,
,,,,,,
,$3,,,,,
,,,,,,
,9.,,,,,
,,,,,,
,	,,,,,
,,,,,,
,T.J. Yeldon,,,,,
,RB - JAX,,,,,
,,,,,,
,$4,,,,,
,,,,,,
,10.,,,,,
,,,,,,
,	,,,,,
,,,,,,
,Travis Benjamin,,,,,
,WR - LAC,,,,,
,,,,,,
,$1,,,,,
,,,,,,
,11.,,,,,
,,,,,,
,	,,,,,
,,,,,,
,Dorial Green-Beckham,,,,,
,WR - PHI,,,,,
,,,,,,
,$1,,,,,
,,,,,,
,12.,,,,,
,,,,,,
,	,,,,,
,,,,,,
,Kenny Britt,,,,,
,WR - LA,,,,,
,,,,,,
,$1,,,,,
,,,,,,
,13.,,,,,
,,,,,,
,	,,,,,
,,,,,,
,Zach Miller,,,,,
,TE - CHI,,,,,
,,,,,,
,,,,,,
,14.,,,,,
,,,,,,
,	,,,,,
,,,,,,
,Antonio Gates,,,,,
,TE - LAC,,,,,
,,,,,,
,,,,,,
,15.,,,,,
,,,,,,
,	,,,,,
,,,,,,
,Marcus Mariota,,,,,
,QB - TEN,,,,,
,,,,,,
,,,,,,
,16.,,,,,
,,,,,,
,	,,,,,
,,,,,,
,Karlos Williams,,,,,
,RB - PIT,,,,,
,,,,,,
,,,,,,
,1.,,,,,
,,,,,,
,	,,,,,
,,,,,,
,Ezekiel Elliott,,,,,
,RB - DAL,,,,,
,,,,,,
,$48,,,,,
,,,,,,
,2.,,,,,
,,,,,,
,	,,,,,
,,,,,,
,Eddie Lacy,,,,,
,RB - GB,,,,,
,,,,,,
,$34,,,,,
,,,,,,
,3.,,,,,
,,,,,,
,	,,,,,
,,,,,,
,Ben Roethlisberger,,,,,
,QB - PIT,,,,,
,,,,,,
,$12,,,,,
,,,,,,
,4.,,,,,
,,,,,,
,	,,,,,
,,,,,,
,Brandin Cooks,,,,,
,WR - NO,,,,,
,,,,,,
,$35,,,,,
,,,,,,
,5.,,,,,
,,,,,,
,	,,,,,
,,,,,,
,Allen Hurns,,,,,
,WR - JAX,,,,,
,,,,,,
,$12,,,,,
,,,,,,
,6.,,,,,
,,,,,,
,	,,,,,
,,,,,,
,Carlos Hyde,,,,,
,RB - SF,,,,,
,,,,,,
,$29,,,,,
,,,,,,
,7.,,,,,
,,,,,,
,	,,,,,
,,,,,,
,Danny Woodhead,,,,,
,RB - LAC,,,,,
,,,,,,
,$5,,,,,
,,,,,,
,8.,,,,,
,,,,,,
,	,,,,,
,,,,,,
,Kevin White,,,,,
,WR - CHI,,,,,
,,,,,,
,$6,,,,,
,,,,,,
,9.,,,,,
,,,,,,
,	,,,,,
,,,,,,
,Terrance West,,,,,
,RB - BAL,,,,,
,,,,,,
,$4,,,,,
,,,,,,
,10.,,,,,
,,,,,,
,	,,,,,
,,,,,,
,Torrey Smith,,,,,
,WR - SF,,,,,
,,,,,,
,$2,,,,,
,,,,,,
,11.,,,,,
,,,,,,
,	,,,,,
,,,,,,
,DeAngelo Williams,,,,,
,RB - PIT,,,,,
,,,,,,
,$4,,,,,
,,,,,,
,12.,,,,,
,,,,,,
,	,,,,,
,,,,,,
,Rashad Jennings,,,,,
,RB - NYG,,,,,
,,,,,,
,$4,,,,,
,,,,,,
,13.,,,,,
,,,,,,
,	,,,,,
,,,,,,
,Jimmy Graham,,,,,
,TE - SEA,,,,,
,,,,,,
,$1,,,,,
,,,,,,
,14.,,,,,
,,,,,,
,	,,,,,
,,,,,,
,Mohamed Sanu,,,,,
,WR - ATL,,,,,
,,,,,,
,$1,,,,,
,,,,,,
,15.,,,,,
,,,,,,
,	,,,,,
,,,,,,
,Kendall Wright,,,,,
,WR - TEN,,,,,
,,,,,,
,$2,,,,,
,,,,,,
,16.,,,,,
,,,,,,
,	,,,,,
,,,,,,
,Jared Cook,,,,,
,TE - GB,,,,,
,,,,,,
,$1,,,,,
,,,,,,
,1.,,,,,
,,,,,,
,	,,,,,
,,,,,,
,Aaron Rodgers,,,,,
,QB - GB,,,,,
,,,,,,
,$26,,,,,
,,,,,,
,2.,,,,,
,,,,,,
,	,,,,,
,,,,,,
,Sammy Watkins,,,,,
,WR - BUF,,,,,
,,,,,,
,$26,,,,,
,,,,,,
,3.,,,,,
,,,,,,
,	,,,,,
,,,,,,
,Antonio Brown,,,,,
,WR - PIT,,,,,
,,,,,,
,$56,,,,,
,,,,,,
,4.,,,,,
,,,,,,
,	,,,,,
,,,,,,
,Jonathan Stewart,,,,,
,RB - CAR,,,,,
,,,,,,
,$30,,,,,
,,,,,,
,5.,,,,,
,,,,,,
,	,,,,,
,,,,,,
,Ryan Mathews,,,,,
,RB - PHI,,,,,
,,,,,,
,$11,,,,,
,,,,,,
,6.,,,,,
,,,,,,
,	,,,,,
,,,,,,
,Markus Wheaton,,,,,
,WR - PIT,,,,,
,,,,,,
,$4,,,,,
,,,,,,
,7.,,,,,
,,,,,,
,	,,,,,
,,,,,,
,Matt Jones,,,,,
,RB - WAS,,,,,
,,,,,,
,$8,,,,,
,,,,,,
,8.,,,,,
,,,,,,
,	,,,,,
,,,,,,
,Michael Crabtree,,,,,
,WR - OAK,,,,,
,,,,,,
,$6,,,,,
,,,,,,
,9.,,,,,
,,,,,,
,	,,,,,
,,,,,,
,John Brown,,,,,
,WR - ARI,,,,,
,,,,,,
,$7,,,,,
,,,,,,
,10.,,,,,
,,,,,,
,	,,,,,
,,,,,,
,DeMarco Murray,,,,,
,RB - TEN,,,,,
,,,,,,
,$10,,,,,
,,,,,,
,11.,,,,,
,,,,,,
,	,,,,,
,,,,,,
,Delanie Walker,,,,,
,TE - TEN,,,,,
,,,,,,
,$4,,,,,
,,,,,,
,12.,,,,,
,,,,,,
,	,,,,,
,,,,,,
,Marvin Jones,,,,,
,WR - DET,,,,,
,,,,,,
,$4,,,,,
,,,,,,
,13.,,,,,
,,,,,,
,	,,,,,
,,,,,,
,Devontae Booker,,,,,
,RB - DEN,,,,,
,,,,,,
,$3,,,,,
,,,,,,
,14.,,,,,
,,,,,,
,	,,,,,
,,,,,,
,DeVante Parker,,,,,
,WR - MIA,,,,,
,,,,,,
,$3,,,,,
,,,,,,
,15.,,,,,
,,,,,,
,	,,,,,
,,,,,,
,Steve Smith,,,,,
,WR - BAL,,,,,
,,,,,,
,$1,,,,,
,,,,,,
,16.,,,,,
,,,,,,
,	,,,,,
,,,,,,
,Pierre Garcon,,,,,
,WR - WAS,,,,,
,,,,,,
,$1,,,,,
,,,,,,
,1.,,,,,
,,,,,,
,	,,,,,
,,,,,,
,Adrian Peterson,,,,,
,RB - MIN,,,,,
,,,,,,
,$50,,,,,
,,,,,,
,2.,,,,,
,,,,,,
,	,,,,,
,,,,,,
,Brandon Marshall,,,,,
,WR - NYJ,,,,,
,,,,,,
,$32,,,,,
,,,,,,
,3.,,,,,
,,,,,,
,	,,,,,
,,,,,,
,DeAndre Hopkins,,,,,
,WR - HOU,,,,,
,,,,,,
,$47,,,,,
,,,,,,
,4.,,,,,
,,,,,,
,	,,,,,
,,,,,,
,Odell Beckham,,,,,
,WR - NYG,,,,,
,,,,,,
,$50,,,,,
,,,,,,
,5.,,,,,
,,,,,,
,	,,,,,
,,,,,,
,Arian Foster,,,,,
,RB - MIA,,,,,
,,,,,,
,$5,,,,,
,,,,,,
,6.,,,,,
,,,,,,
,	,,,,,
,,,,,,
,Zach Ertz,,,,,
,TE - PHI,,,,,
,,,,,,
,$3,,,,,
,,,,,,
,7.,,,,,
,,,,,,
,	,,,,,
,,,,,,
,Blake Bortles,,,,,
,QB - JAX,,,,,
,,,,,,
,$4,,,,,
,,,,,,
,8.,,,,,
,,,,,,
,	,,,,,
,,,,,,
,LeGarrette Blount,,,,,
,RB - NE,,,,,
,,,,,,
,$3,,,,,
,,,,,,
,9.,,,,,
,,,,,,
,	,,,,,
,,,,,,
,Vincent Jackson,,,,,
,WR - TB,,,,,
,,,,,,
,$4,,,,,
,,,,,,
,10.,,,,,
,,,,,,
,	,,,,,
,,,,,,
,Jerick McKinnon,,,,,
,RB - MIN,,,,,
,,,,,,
,$1,,,,,
,,,,,,
,11.,,,,,
,,,,,,
,	,,,,,
,,,,,,
,Terrance Williams,,,,,
,WR - DAL,,,,,
,,,,,,
,$1,,,,,
,,,,,,
,12.,,,,,
,,,,,,
,	,,,,,
,,,,,,
,Alfred Morris,,,,,
,RB - DAL,,,,,
,,,,,,
,,,,,,
,13.,,,,,
,,,,,,
,	,,,,,
,,,,,,
,Ted Ginn,,,,,
,WR - CAR,,,,,
,,,,,,
,,,,,,
,14.,,,,,
,,,,,,
,	,,,,,
,,,,,,
,Charles Clay,,,,,
,TE - BUF,,,,,
,,,,,,
,,,,,,
,15.,,,,,
,,,,,,
,	,,,,,
,,,,,,
,Davante Adams,,,,,
,WR - GB,,,,,
,,,,,,
,,,,,,
,16.,,,,,
,,,,,,
,	,,,,,
,,,,,,
,Matthew Stafford,,,,,
,QB - DET,,,,,
,,,,,,
,,,,,,
,,,,,,